Area,Title,URL,Domain
青森市,各種ハザードマップ等,https://www.city.aomori.aomori.jp/kikikanri/anzen-kinkyu/bousai-syoubou/hazardmap.html,https://www.city.aomori.aomori.jp
平内町,ハザードマップ,"http://www.town.hiranai.aomori.jp/index.cfm/9,0,68,254,html",http://www.town.hiranai.aomori.jp
今別町,土砂災害ハザードマップ,https://www.town.imabetsu.lg.jp/kurashi/bousai/dosyasaigai_hazardmap.html,https://www.town.imabetsu.lg.jp
蓬田村,地震・津波,https://www.pref.aomori.lg.jp/soshiki/kendo/kasensabo/dosyaHM.html,https://www.pref.aomori.lg.jp
外ヶ浜町,防災情報,http://www.town.sotogahama.lg.jp/kurashi/bousai/bousai.html,http://www.town.sotogahama.lg.jp
弘前市,弘前市防災マップ,http://www.city.hirosaki.aomori.jp/kurashi/kinkyu/hazard/,http://www.city.hirosaki.aomori.jp
弘前市,ひろさき便利マップ,https://hirosakimap.geogeo.jp/,https://hirosakimap.geogeo.jp
黒石市,防災情報・消防団,http://www.city.kuroishi.aomori.jp/kurashi/bousai/index.html,http://www.city.kuroishi.aomori.jp
平川市,平川市土砂災害ハザードマップ,https://www.city.hirakawa.lg.jp/kurashi/anzen/bousai/hazardmap_dosya.html,https://www.city.hirakawa.lg.jp
西目屋村,西目屋村土砂災害ハザードマップについて,http://www.nishimeya.jp/kurashi/anzen/bousai/post-34.html,http://www.nishimeya.jp
藤崎町,藤崎町洪水ハザードマップ,"http://www.town.fujisaki.lg.jp/index.cfm/9,10536,40,html",http://www.town.fujisaki.lg.jp
大鰐町,大鰐町防災マップ,"http://www.town.owani.lg.jp/index.cfm/7,9188,21,112,html",http://www.town.owani.lg.jp
田舎館村,田舎館村洪水ハザードマップを更新しました,http://www.vill.inakadate.lg.jp/docs/2012022400315/,http://www.vill.inakadate.lg.jp
五所川原市,防災,http://www.city.goshogawara.lg.jp/kurashi/bousai/,http://www.city.goshogawara.lg.jp
つがる市,つがる市防災ハザードマップ,https://www.city.tsugaru.aomori.jp/saigai/3781.html,https://www.city.tsugaru.aomori.jp
鰺ヶ沢町,鰺ヶ沢町防災マップ,http://www.town.ajigasawa.lg.jp/bosai_jyoho/bosai_map.html,http://www.town.ajigasawa.lg.jp
深浦町,深浦町防災ハザードマップ《２０１５》,https://www.town.fukaura.lg.jp/fixed_docs/2019071600147/,https://www.town.fukaura.lg.jp
深浦町,アクセスマップ,http://fukadoko.jp/sp/access/index.html,http://fukadoko.jp
板柳町,板柳町ハザードマップ,http://kinkyu.town.itayanagi.aomori.jp/index.html,http://kinkyu.town.itayanagi.aomori.jp
鶴田町,鶴田町ハザードマップ,http://www.town.tsuruta.lg.jp/bousai/kouzuimap.html,http://www.town.tsuruta.lg.jp
中泊町,防災,"http://www.town.nakadomari.lg.jp/index.cfm/18,7255,45,html",http://www.town.nakadomari.lg.jp
十和田市,十和田市洪水ハザードマップおよび防災マップを更新しました。,https://www.city.towada.lg.jp/kurashi/emergency/saigai/kouzuihazardmap.html,https://www.city.towada.lg.jp
三沢市,ハザードマップ,"http://www.city.misawa.lg.jp/index.cfm/11,21469,49,548,html",http://www.city.misawa.lg.jp
野辺地町,野辺地町防災ガイドマップ,http://www.town.noheji.aomori.jp/life/seikatsu/bosai/bosai-guide,http://www.town.noheji.aomori.jp
七戸町,七戸町土砂災害ハザードマップ,http://www.town.shichinohe.lg.jp/kurashi/dekigoto/saigai/dosya-hazardmap.html,http://www.town.shichinohe.lg.jp
六戸町,ハザードマップ,https://www.town.rokunohe.aomori.jp/kurashi_bousai_hazadomappu2.html,https://www.town.rokunohe.aomori.jp
横浜町,防災ハザードマップ,"http://www.town.yokohama.lg.jp/index.cfm/8,457,24,html",http://www.town.yokohama.lg.jp
東北町,土砂災害ハザードマップ,http://www.town.tohoku.lg.jp/kurashi/life/anshin_02-02.html,http://www.town.tohoku.lg.jp
六ヶ所村,ハザードマップ（土砂災害・津波・洪水）,"http://www.rokkasho.jp/index.cfm/9,0,43,html",http://www.rokkasho.jp
おいらせ町,防災安全マップを作成しました（令和2年8月版）,https://www.town.oirase.aomori.jp/soshiki/1220/anzenmap.html,https://www.town.oirase.aomori.jp
むつ市,防災マップ,"https://www.city.mutsu.lg.jp/index.cfm/19,0,27,949,html",https://www.city.mutsu.lg.jp
大間町,消防・防災,https://www.town.ooma.lg.jp/life/guide/syoubou,https://www.town.ooma.lg.jp
東通村,東通村防災ハザードマップ,http://www.vill.higashidoori.lg.jp/soumu/page000016.html,http://www.vill.higashidoori.lg.jp
風間浦村,防犯・防災,https://www.kazamaura.jp/villager/%e9%98%b2%e7%8a%af%e3%83%bb%e9%98%b2%e7%81%bd/,https://www.kazamaura.jp
佐井村,土砂災害ハザードマップ,http://www.vill.sai.lg.jp/%e3%81%8f%e3%82%89%e3%81%97%e3%81%ae%e6%83%85%e5%a0%b1/%e9%98%b2%e7%81%bd/%e5%9c%9f%e7%a0%82%e7%81%bd%e5%ae%b3%e3%83%8f%e3%82%b6%e3%83%bc%e3%83%89%e3%83%9e%e3%83%83%e3%83%97/,http://www.vill.sai.lg.jp
八戸市,八戸市土砂災害ハザードマップ,https://www.city.hachinohe.aomori.jp/kurashi_tetsuzuki/kurashinoanzen_anshin/bosaijoho/1/9063.html,https://www.city.hachinohe.aomori.jp
八戸市,八戸市公開地理情報システム,http://map.city.hachinohe.aomori.jp/,http://map.city.hachinohe.aomori.jp
三戸町,各種マップ,https://www.town.sannohe.aomori.jp/kurashi_tetsuzuki/2/saigai/1/index.html,https://www.town.sannohe.aomori.jp
五戸町,災害情報,http://www.town.gonohe.aomori.jp/saigai.html,http://www.town.gonohe.aomori.jp
五戸町,アクセス＆マップ,https://www.gonohe-kankou.jp/access/,https://www.gonohe-kankou.jp
田子町,田子町防災マップ,"http://www.town.takko.lg.jp/index.cfm/9,7538,22,124,html",http://www.town.takko.lg.jp
南部町,ハザードマップ,https://www.pref.aomori.lg.jp/soshiki/kendo/kasensabo/dosyaHM.html,https://www.town.aomori-nanbu.lg.jp
階上町,階上町ハザードマップ,"http://www.town.hashikami.lg.jp/index.cfm/9,0,43,174,html",http://www.town.hashikami.lg.jp
新郷村,防災情報,http://www.vill.shingo.aomori.jp/public/anzeneisei/kouzuimap/,http://www.vill.shingo.aomori.jp
