Area,Sample Site,Sample URL,Domain,
千葉県,千葉県防災ポータルサイト,https://www.bousai.pref.chiba.lg.jp/portal/, https://www.bousai.pref.chiba.lg.jp,
千葉県,被害想定調査・ハザードマップ,https://www.pref.chiba.lg.jp/cate/baa/jishin-tsunami/map/index.html,https://www.pref.chiba.lg.jp,
千葉市,千葉市地震・風水害ハザードマップ,https://www.city.chiba.jp/somu/kikikanri/bosai/2019jisinfusuigaihazardmap.html,https://www.city.chiba.jp,
千葉市,千葉市地図情報システム,https://webgis.alandis.jp/chiba12/portal/index.html,https://webgis.alandis.jp,
千葉市,千葉市下水道台帳システム,http://s-page.tumsy.com/chibagesui/index.html,http://s-page.tumsy.com,
市原市,防災マップ（令和2年3月発行）,https://www.city.ichihara.chiba.jp/article?articleId=60237dbeece4651c88c19048,https://www.city.ichihara.chiba.jp,
市原市,いちはらマップ,https://www2.city-gis.ichihara.chiba.jp/ichihara/alandis/webgis/,https://www2.city-gis.ichihara.chiba.jp,
市川市,市川市水害ハザードマップ,https://www.city.ichikawa.lg.jp/gen06/1511000002.html,https://www.city.ichikawa.lg.jp,
市川市,市川市地図情報システム　いち案内,https://gis.city.ichikawa.lg.jp/webgis/?p=1,https://gis.city.ichikawa.lg.jp,
船橋市,各種防災マップ,https://www.city.funabashi.lg.jp/bousai/map/index.html,https://www.city.funabashi.lg.jp,
船橋市,船橋市地図情報システム　いきいきふれあいマップ,https://webgis.alandis.jp/funabashi12/portal/main/index.html,https://webgis.alandis.jp,
習志野市,習志野市Web版防災ハザードマップ,https://www.city.narashino.lg.jp/hazardmap/,https://www.city.narashino.lg.jp,
八千代市,防災マップ等,https://www.city.yachiyo.chiba.jp/kurashi/category00000537.html,https://www.city.yachiyo.chiba.jp,
浦安市,防災マップ・水害ハザードマップ,https://www.city.urayasu.lg.jp/todokede/anzen/bousai/1030669/index.html,https://www.city.urayasu.lg.jp,
松戸市,松戸市　内水ハザードマップ,https://www.city.matsudo.chiba.jp/kurashi/jyougesuidou/gesuidou/naisui_hazardmap.html,https://www.city.matsudo.chiba.jp,
松戸市,やさシティマップ（松戸市地図情報提供サービス）,https://www.sonicweb-asp.jp/matsudo/,https://www.sonicweb-asp.jp,
野田市,洪水ハザードマップ,https://www.city.noda.chiba.jp/kurashi/anzen/bousai/1009077/1009078.html,https://www.city.noda.chiba.jp,
柏市,防災関係地図（マップ）,https://www.city.kashiwa.lg.jp/anshinanzen/disaster/disaster_ready/bosaimap/index.html,https://www.city.kashiwa.lg.jp,
柏市,おいでよ！カシワニ,https://kashiwainfo.net/,https://kashiwainfo.net,
流山市,各種ハザードマップ,https://www.city.nagareyama.chiba.jp/life/1003604/1003691/index.html,https://www.city.nagareyama.chiba.jp,
我孫子市,あびこハザードマップ,https://www.city.abiko.chiba.jp/anshin/bousai/bousai_info/abikohazard_map.html,https://www.city.abiko.chiba.jp,
鎌ヶ谷市,鎌ヶ谷市洪水ハザードマップ（鎌ヶ谷市洪水避難地図）,http://www.city.kamagaya.chiba.jp/anzen_anshin/bousai/bosaijoho/guidmap.html,http://www.city.kamagaya.chiba.jp,
成田市,避難場所・ハザードマップ,https://www.city.narita.chiba.jp/anshin/index0328.html,https://www.city.narita.chiba.jp,
成田市,なりた地図情報,https://www2.wagmap.jp/narita-sp/,https://www2.wagmap.jp,
佐倉市,佐倉市防災ハザードマップ,http://www.city.sakura.lg.jp/0000006382.html,http://www.city.sakura.lg.jp,
四街道市,ハザードマップ,https://www.city.yotsukaido.chiba.jp/kurashi/bohan/bosai/hazardmap/index.html,https://www.city.yotsukaido.chiba.jp,
八街市,八街市浸水ハザードマップ,https://www.city.yachimata.lg.jp/soshiki/8/24210.html,https://www.city.yachimata.lg.jp,
印西市,ハザードマップ,https://www.city.inzai.lg.jp/0000008837.html,https://www.city.inzai.lg.jp,
印西市,印西市わが街ガイド,https://www2.wagmap.jp/inzai/Portal,https://www2.wagmap.jp,
白井市,ハザードマップ,https://www.city.shiroi.chiba.jp/soshiki/somu/s01/san001/san019/san024/1421159986517.html,https://www.city.shiroi.chiba.jp,
富里市,,,,
酒々井町,酒々井町洪水ハザードマップ,https://www.town.shisui.chiba.jp/docs/2014021806778/,https://www.town.shisui.chiba.jp,
酒々井町,しすいマップ　地震ハザードマップ,https://shisui-town.maps.arcgis.com/apps/MapSeries/index.html?appid=7b5b69fbce714658b40f74b504c98fc8,https://shisui-town.maps.arcgis.com,
栄町,栄町洪水ハザードマップ,http://www.town.sakae.chiba.jp/sp/page/page002907.html,http://www.town.sakae.chiba.jp,
香取市,ハザードマップ,https://www.city.katori.lg.jp/living/anzen_anshin/sonaete/hazard-map.html,https://www.city.katori.lg.jp,
香取市,かとり地図GIS,https://katori-gis.geocloud.jp/webgis/?z=18&ll=35.8977%2C140.49929&t=dm&mp=100&op=70&vlf=100-4-000fff,https://katori-gis.geocloud.jp,https://katori-gis.geocloud.jp
神崎町,ハザードマップ,https://www.town.kozaki.chiba.jp/01kurashi/bousai/map.html,https://www.town.kozaki.chiba.jp,
多古町,多古町ハザードマップを改訂しました。,https://www.town.tako.chiba.jp/docs/2021021200017/,https://www.town.tako.chiba.jp,
東庄町,洪水ハザードマップ,https://www.town.tohnosho.chiba.jp/002service/c003/2020-0605-1847-19.html,https://www.town.tohnosho.chiba.jp,
銚子市,銚子市WEB版防災ハザードマップ,https://www.city.choshi.chiba.jp/hazardmap/,https://www.city.choshi.chiba.jp,
旭市,防災・ハザードマップ,https://www.city.asahi.lg.jp/life/sub/3/5/33/,https://www.city.asahi.lg.jp,
匝瑳市,匝瑳市ハザードマップ,https://www.city.sosa.lg.jp/sp/page/page000410.html,https://www.city.sosa.lg.jp,
東金市,東金市地震ハザードマップ,http://www.city.togane.chiba.jp/cmsfiles/contents/0000001/1002/yureyasusa_map.pdf,http://www.city.togane.chiba.jp,
山武市,山武市ハザードマップ,https://www.city.sammu.lg.jp/page/page000786.html,https://www.city.sammu.lg.jp,
大網白里市,ハザードマップの更新について,https://www.city.oamishirasato.lg.jp/0000011942.html,https://www.city.oamishirasato.lg.jp,
九十九里町,九十九里町洪水ハザードマップ,https://www.town.kujukuri.chiba.jp/0000002732.html,https://www.town.kujukuri.chiba.jp,
芝山町,,,,
横芝光町,横芝光町防災マップを改訂しました,https://www.town.yokoshibahikari.chiba.jp/soshiki/5/1040.html,https://www.town.yokoshibahikari.chiba.jp,
茂原市,茂原市洪水ハザードマップ,http://www.city.mobara.chiba.jp/0000000699.html,http://www.city.mobara.chiba.jp,
茂原市,茂原市わが街ガイド,https://www2.wagmap.jp/mobara-sp/,https://www2.wagmap.j,
一宮町,避難所/ハザードマップ,https://www.town.ichinomiya.chiba.jp/kinkyu/hinanjo/1.html,https://www.town.ichinomiya.chiba.jp,
一宮町,一宮町なみまちマップ,https://www2.wagmap.jp/ichinomiya/Map?mid=4&mpx=140.3483236045838&mpy=35.346895179544674&mps=10000&mtp=pfm&gprj=3,https://www2.wagmap.jp,
睦沢町,防災,https://www.town.mutsuzawa.chiba.jp/kurashi/bousai/bousai.html,https://www.town.mutsuzawa.chiba.jp,
長生村,長生村防災マップ,https://www.vill.chosei.chiba.jp/0000000359.html,https://www.vill.chosei.chiba.jp,
白子町,津波・洪水ハザードマップ,https://www.town.shirako.lg.jp/0000002782.html,https://www.town.shirako.lg.jp,
長柄町,長柄町総合防災マップ,https://www.town.nagara.chiba.jp/soshiki/1/5890.html,https://www.town.nagara.chiba.jp,
長南町,長南町総合防災マップ,https://www.town.chonan.chiba.jp/osirase/145/,https://www.town.chonan.chiba.jp,
長南町,地図情報,https://www.chounan-gis.chiba.jp/map/,https://www.chounan-gis.chiba.jp,
勝浦市,防災ハザードマップ,https://www.city.katsuura.lg.jp/menu/33,https://www.city.katsuura.lg.jp,
勝浦市,勝浦お散歩マップ,https://www.katsuura-kankou.net/katsuuraaccess/map/,https://www.katsuura-kankou.net,
いすみ市,各種マップ情報,https://www.city.isumi.lg.jp/gyosei/kurashi_tetsuzuki/bosai/bosaikanrenjoho/1/index.html,https://www.city.isumi.lg.jp,
大多喜町,大多喜町防災マップ,"https://www.town.otaki.chiba.jp/index.cfm/6,2274,17,html",https://www.town.otaki.chiba.jp,
御宿町,御宿町津波ハザードマップ,https://www.town.onjuku.chiba.jp/soumuka/newbousai/index.html,https://www.town.onjuku.chiba.jp,
館山市,館山市防災マップ,https://www.city.tateyama.chiba.jp/anzen/page022356.html,https://www.city.tateyama.chiba.jp,
館山市,ウォーキングで楽しむたてやま,https://tateyamacity.com/tateyama-map,https://tateyamacity.com,
鴨川市,WEB版　鴨川市防災マップ（最新）,https://www.city.kamogawa.lg.jp/site/bousai/265.html,https://www.city.kamogawa.lg.jp,
南房総市,防災マップ・ハザードマップ,https://www.city.minamiboso.chiba.jp/category/8-5-9-4-0-0-0-0-0-0.html,https://www.city.minamiboso.chiba.jp,
鋸南町,ハザードマップ,https://www.town.kyonan.chiba.jp/site/bousai/2628.html,https://www.town.kyonan.chiba.jp,
木更津市,避難所・防災マップ,https://www.city.kisarazu.lg.jp/kurashi/anzen/hinanjo/index.html,https://www.city.kisarazu.lg.jp,
木更津市,きさＮＡＶＩ,https://www2.wagmap.jp/kisarazu-sp/,https://www2.wagmap.jp,
君津市,ハザードマップ一覧,https://www.city.kimitsu.lg.jp/soshiki/6/31186.html,https://www.city.kimitsu.lg.jp,
富津市,ハザードマップ・計画,https://www.city.futtsu.lg.jp/category/9-1-1-0-0-0-0-0-0-0.html,https://www.city.futtsu.lg.jp,
袖ヶ浦市,洪水防災マップ（土砂災害危険個所等掲載）,https://www.city.sodegaura.lg.jp/soshiki/bousai/kouzuibousaimap.html,https://www.city.sodegaura.lg.jp,
袖ヶ浦市,そでＭＡＰ,https://www2.wagmap.jp/sodegaura/Portal,https://www2.wagmap.jp,