Area,Sample Site,Sample URL,Domain
大分県,大分みどころマップ,https://www.pref.oita.jp/site/kids/map.html,https://www.pref.oita.jp
大分県,大分県土砂災害警戒区域等情報インターネット提供システム,http://sabo.pref.oita.jp/bousai_s/dosya_map/index.html,http://sabo.pref.oita.jp
大分市,おおいたマップ,http://www2.wagmap.jp/oitacity/Portal,http://www2.wagmap.jp
大分市,ハザードマップ(防災関連マップ),http://www.city.oita.oita.jp/kurashi/anshinanzen/kikikanri/kanrenmap/hazardmap/index.html,http://www.city.oita.oita.jp
臼杵市,防災マップ,https://www.city.usuki.oita.jp/docs/2014020700145/,https://www.city.usuki.oita.jp
津久見市,津久見市洪水ハザードマップ,https://www.city.tsukumi.oita.jp/soshiki/7/197.html,https://www.city.tsukumi.oita.jp
由布市,洪水ハザードマップ,http://www.city.yufu.oita.jp/bousai/saigainisonaete/kouzuihazardmap/,http://www.city.yufu.oita.jp
別府市,別府市防災マップ,https://www.city.beppu.oita.jp/bousai_syoubou/bousaijyouhou/bousai_map/detail1.html,https://www.city.beppu.oita.jp
杵築市,散策マップ・アクセス,https://www.kit-suki.com/common/index.php?action=story&story_id=197,https://www.kit-suki.com
杵築市,杵築市防災マップ,https://gis.chklab.com/hazardkitsuki/,https://gis.chklab.com
国東市,観光マップが新しくなりました！,https://visit-kunisaki.com/map2021/,https://visit-kunisaki.com
国東市,国東市 災害ハザードマップ,https://www.city.kunisaki.oita.jp/hazardmap/index_map.html,https://www.city.kunisaki.oita.jp
姫島村,ハザードマップ,https://www.himeshima.jp/hazardmap/,https://www.himeshima.jp
日出町,防災ハザードマップ,https://www.town.hiji.lg.jp/page/h3103_kikikanri_bousaimapnew.html,https://www.town.hiji.lg.jp
中津市,中津市防災マップ（WEB版）,https://nakatsu-bosai.jp/hazardmap/,https://nakatsu-bosai.jp
中津市,中津市内水ハザードマップ,https://www.city-nakatsu.jp/doc/2019042400035/,https://www.city-nakatsu.jp
豊後高田市,豊後高田市総合防災ハザードマップ,https://bungotakada.trims-cloud.net/bng4302334/hazard_map/html/map/,https://bungotakada.trims-cloud.net
豊後高田市,豊後高田市津波ハザードマップ,https://www.city.bungotakada.oita.jp/page/page_01178.html,https://www.city.bungotakada.oita.jp
宇佐市,土砂災害ハザードマップ,https://www.city.usa.oita.jp/sougo/2_1/8/4863.html,https://www.city.usa.oita.jp
日田市,日田市災害ハザードマップを更新,https://www.city.hita.oita.jp/soshiki/somubu/kikikanrishitu/kikikanri/anshin/bosai/Preparing_for_disaster/3317.html,https://www.city.hita.oita.jp
玖珠町,玖珠町防災マップ（令和3年改訂版）及びWEB版、防災ガイドブック,https://www.town.kusu.oita.jp/soshiki/kichi_bosaitaisakuka/1/1/4/2561.html,https://www.town.kusu.oita.jp
九重町,九重町ハザードマップ,https://www.town.kokonoe.oita.jp/docs/2017012000025/,https://www.town.kokonoe.oita.jp
佐伯市,防災マップ,https://www.city.saiki.oita.jp/bousai/list00703.html,https://www.city.saiki.oita.jp
竹田市,防災マップ等,https://www.city.taketa.oita.jp/soshiki/somuka/4/bosai/237.html,https://www.city.taketa.oita.jp
豊後大野市,マップ,http://toyotabi.net/map/,http://toyotabi.net
豊後大野市,ハザードマップ,https://www.bungo-ohno.jp/docs/2021042300079/,https://www.bungo-ohno.jp